<?xml version="1.0" encoding="UTF-8"?>
<beans xmlns="http://www.springframework.org/schema/beans"
       xmlns:xsi="http://www.w3.org/2001/XMLSchema-instance"
       xmlns:context="http://www.springframework.org/schema/context"
       xmlns:mvc="http://www.springframework.org/schema/mvc" xmlns:tx="http://www.springframework.org/schema/tx"
       xmlns:aop="http://www.springframework.org/schema/aop"
       xsi:schemaLocation="http://www.springframework.org/schema/beans
        http://www.springframework.org/schema/beans/spring-beans-2.5.xsd
        http://www.springframework.org/schema/context http://www.springframework.org/schema/context/spring-context-2.5.xsd http://www.springframework.org/schema/mvc http://www.springframework.org/schema/mvc/spring-mvc.xsd http://www.springframework.org/schema/tx http://www.springframework.org/schema/tx/spring-tx.xsd http://www.springframework.org/schema/aop http://www.springframework.org/schema/aop/spring-aop.xsd">

    <!--是用于激活那些已经在spring容器里注册过的bean
    （无论是通过xml的方式还是通过package sanning的方式）上面的注解。-->
    <context:annotation-config/>

    <bean id="RegisterAction" class="edu.nju.action.RegisterAction">
    </bean>

    <bean id="LoginAction" class="edu.nju.action.LoginAction">
    </bean>

    <bean id="ShowAction" class="edu.nju.action.ShowAction">
    </bean>

    <!--在xml配置了这个标签后，spring可以自动去扫描base-pack下面或者子包下面的java文件，
    如果扫描到有@Component @Controller @Service等这些注解的类，则把这些类注册为bean-->
    <context:component-scan base-package="edu.nju.*"/>

    <!-- 静态资源(js、image等)的访问 -->
    <mvc:default-servlet-handler/>

    <!-- 开启注解 -->
    <mvc:annotation-driven/>

    <bean id="jspViewResolver" class="org.springframework.web.servlet.view.InternalResourceViewResolver">
        <property name="viewClass" value="org.springframework.web.servlet.view.JstlView"/>
        <property name="prefix" value="/WEB-INF/jsp/"/>
        <property name="suffix" value=".jsp"/>
    </bean>

    <!-- 上传文件 -->
    <bean id="multipartResolver" class="org.springframework.web.multipart.commons.CommonsMultipartResolver">
        <property name="defaultEncoding" value="utf-8"/>
        <!-- 最大内存大小 -->
        <property name="maxInMemorySize" value="10240"/>
        <!-- 最大文件大小，-1为不限制大小 -->
        <property name="maxUploadSize" value="-1"/>
    </bean>

    <!--service-->
    <bean id="ICourseService"
          class="edu.nju.service.impl.CourseService">
    </bean>

    <bean id="IStudentService"
          class="edu.nju.service.impl.StudentService">
    </bean>

    <bean id="ISelectionService"
          class="edu.nju.service.impl.SelectionService">
    </bean>

    <!--data-->
    <bean id="dataSource" class=" org.springframework.jdbc.datasource.DriverManagerDataSource">
        <property name="driverClassName" value="com.mysql.jdbc.Driver"/>
        <property name="url" value="jdbc:mysql://localhost:3306/j2ee"/>
        <property name="username" value="root"/>
        <property name="password" value="861910"/>
    </bean>

    <bean id="sessionFactory" class=" org.springframework.orm.hibernate5.LocalSessionFactoryBean">
        <property name="dataSource" ref="dataSource"/>
        <property name="packagesToScan" value="edu.nju.model"/>
        <property name="hibernateProperties">
            <props>
                <prop key="hibernate.dialect">org.hibernate.dialect.MySQL5Dialect</prop>
                <prop key="hibernate.show_sql">true</prop>
                <prop key="hibernate.hbm2ddl.auto">update</prop>
                <prop key="hibernate.connection.autocommit">true</prop>
            </props>
        </property>
    </bean>

    <bean id="transactionManager"
          class="org.springframework.orm.hibernate5.HibernateTransactionManager">
        <property name="sessionFactory" ref="sessionFactory"/>
    </bean>

    <!-- 声明式容器事务管理 ,transaction-manager指定事务管理器为transactionManager -->
    <tx:advice id="txAdvice" transaction-manager="transactionManager">
        <tx:attributes>
            <tx:method name="*User" propagation="REQUIRED"/>
            <tx:method name="*" propagation="NOT_SUPPORTED" read-only="true"/>
        </tx:attributes>
    </tx:advice>

    <!-- 定义切面，在edu.nju.onlinestock.service包及子包中所有以Service结尾的方法中，
    执行有关的hibernate session的事务操作 -->
    <aop:config>
        <!-- 只对业务逻辑层实施事务 -->
        <aop:pointcut id="serviceOperation"
                      expression="execution( * edu.nju.service..*Service.*(..))"/>
        <aop:advisor advice-ref="txAdvice" pointcut-ref="serviceOperation"/>
    </aop:config>

</beans>