<?xml version="1.0" encoding="UTF-8" ?>
<!DOCTYPE struts PUBLIC
	"-//Apache Software Foundation//DTD Struts Configuration 2.3//EN"
	"http://struts.apache.org/dtds/struts-2.3.dtd">

<struts>

	<package name="struts2" namespace="/User" extends="struts-default">
		<action name="register" class="RegisterAction">
			<result name="success">/user/RegUser.jsp</result>
			<result name="input">/user/register.jsp</result>
		</action>
	</package>

	<package name="struts3" namespace="/" extends="struts-default">
		<action name="Login" class="LoginAction">
			<result name="login">/course/login.jsp</result>
		</action>

		<action name="show" class="ShowAction">
			<result name="login">/course/login.jsp</result>
			<result name="normal">/course/normal.jsp</result>
			<result name="warning">/course/warning.jsp</result>
		</action>
	</package>

</struts>

